,City,Country,Latitude,Longitude,Datetime,Max. temperature (F),Humidity (%),Cloud coverage (%),Wind speed (mph)
0,Ahipara,NZ,-35.17,173.17,2020-02-12 03:38:07,68.09,74,0,5.08
1,Mataura,NZ,-46.19,168.86,2020-02-12 03:38:07,64.0,76,78,5.99
2,Laguna,US,38.42,-121.42,2020-02-12 03:38:08,62.01,47,1,6.93
3,Coihaique,CL,-45.58,-72.07,2020-02-12 03:38:08,57.2,87,100,2.24
4,Karratha,AU,-20.74,116.85,2020-02-12 03:38:08,80.98,71,8,10.76
5,Kavaratti,IN,10.57,72.64,2020-02-12 03:38:08,82.4,78,20,6.71
6,Port Lincoln,AU,-34.73,135.87,2020-02-12 03:38:08,68.14,65,100,11.61
7,Porto Novo,BJ,6.5,2.6,2020-02-12 03:33:51,80.6,78,20,4.7
8,Iqaluit,CA,63.75,-68.51,2020-02-12 03:38:08,-29.0,60,20,16.11
9,Hithadhoo,MV,-0.6,73.08,2020-02-12 03:38:08,83.08,74,62,18.07
10,Bathsheba,BB,13.22,-59.52,2020-02-12 03:38:08,78.8,74,40,23.04
11,Busselton,AU,-33.65,115.33,2020-02-12 03:38:08,90.0,45,100,4.0
12,Serebryansk,KZ,49.69,83.29,2020-02-12 03:38:10,-16.6,75,20,2.55
13,Boden,SE,65.83,21.69,2020-02-12 03:38:10,24.8,92,100,2.24
14,Tilichiki,RU,60.47,166.1,2020-02-12 03:38:10,-9.31,95,100,14.63
15,Sakaraha,MG,-22.9,44.53,2020-02-12 03:38:11,68.68,64,0,4.47
16,Asheville,US,35.6,-82.55,2020-02-12 03:34:44,59.0,81,75,14.99
17,Karakendzha,EC,-0.74,-90.35,2020-02-12 03:38:11,78.64,82,68,4.47
18,Puerto Ayora,GL,72.79,-56.15,2020-02-12 03:38:11,-8.54,75,100,2.26
19,Upernavik,AU,-42.88,147.33,2020-02-12 03:37:10,70.0,77,75,16.11
20,Illoqqortoormiut,BR,-5.2,-35.46,2020-02-12 03:34:44,77.0,83,20,3.36
21,Hobart,BR,-24.79,-50.01,2020-02-12 03:38:13,58.42,96,84,8.01
22,Touros,MR,20.93,-17.03,2020-02-12 03:38:13,62.6,67,0,11.41
23,Castro,MZ,-19.61,34.74,2020-02-12 03:38:13,84.2,74,75,19.46
24,Nouadhibou,PF,-23.12,-134.97,2020-02-12 03:38:13,78.96,80,100,20.56
25,Mys Shmidta,ID,-5.67,132.75,2020-02-12 03:33:14,83.34,76,53,14.45
26,Dondo,MU,-20.52,57.52,2020-02-12 03:38:14,81.0,88,40,14.99
27,Rikitea,CL,-53.15,-70.92,2020-02-12 03:35:00,50.0,81,90,13.87
28,Tual,EG,31.35,27.25,2020-02-12 03:38:14,48.2,81,57,14.54
29,Souillac,RE,-21.34,55.48,2020-02-12 03:38:14,78.8,94,0,30.13
30,Palabuhanratu,US,42.6,-73.97,2020-02-12 03:35:02,35.6,69,90,5.82
31,Punta Arenas,US,41.14,-73.36,2020-02-12 03:35:02,46.99,75,90,10.29
32,Marsa Matruh,US,37.46,-122.43,2020-02-12 03:38:14,63.0,54,1,6.93
33,Tsihombe,AU,-31.95,141.43,2020-02-12 03:38:15,82.4,37,0,16.11
34,Saint-Pierre,MX,19.22,-104.7,2020-02-12 03:38:15,76.91,78,100,15.26
35,Albany,US,60.55,-151.26,2020-02-12 03:38:15,18.0,56,90,10.29
36,Westport,DE,53.23,8.6,2020-02-12 03:38:15,39.2,69,40,21.92
37,Half Moon Bay,NZ,-46.6,168.33,2020-02-12 03:38:15,64.0,76,98,5.99
38,Broken Hill,BR,-22.97,-42.03,2020-02-12 03:38:15,76.15,78,100,11.1
39,San Patricio,IR,26.96,56.27,2020-02-12 03:38:16,62.6,36,75,2.24
40,Kenai,TL,-8.93,125.41,2020-02-12 03:38:16,78.37,72,100,4.09
41,Schwanewede,GL,69.22,-51.1,2020-02-12 03:34:33,-0.4,59,63,1.72
42,Bluff,AU,-25.24,130.99,2020-02-12 03:38:16,102.2,12,0,6.93
43,Arraial Do Cabo,ZA,-33.93,18.42,2020-02-12 03:37:03,69.01,88,0,6.93
44,Qeshm,US,40.6,-124.16,2020-02-12 03:38:16,53.6,71,1,16.11
45,Airai,PH,17.42,121.44,2020-02-12 03:38:16,76.1,66,0,10.94
46,Ilulissat,AU,-20.73,139.5,2020-02-12 03:38:17,96.8,13,0,17.22
47,Yulara,CA,69.45,-133.04,2020-02-12 03:38:17,-29.2,73,20,9.17
48,Cape Town,ZA,-34.42,19.23,2020-02-12 03:38:17,69.01,88,0,8.99
49,Fortuna,UY,-33.7,-53.46,2020-02-12 03:38:17,65.34,83,5,9.71
50,Tabuk,AU,-37.83,140.77,2020-02-12 03:38:17,68.0,77,90,19.46
51,Mount Isa,US,20.89,-156.47,2020-02-12 03:38:17,75.2,64,20,6.93
52,Tuktoyaktuk,RU,71.92,114.08,2020-02-12 03:38:17,-33.11,96,28,4.9
53,Buqayq,MX,27.98,-114.06,2020-02-12 03:39:18,59.5,73,0,9.17
54,Hermanus,CA,51.23,-58.65,2020-02-12 03:39:18,14.97,97,100,3.09
55,Chuy,ZA,-33.02,27.91,2020-02-12 03:39:18,69.85,81,70,13.0
56,Mount Gambier,JP,26.59,127.98,2020-02-12 03:39:18,75.2,57,20,18.34
57,Kahului,ZA,-33.92,25.57,2020-02-12 03:39:18,68.0,88,0,8.05
58,Saskylakh,IN,26.25,81.53,2020-02-12 03:39:19,55.99,57,0,5.23
59,Tarauaca,AU,-23.7,133.88,2020-02-12 03:35:08,100.4,14,0,6.93
60,Guerrero Negro,CV,14.9,-24.5,2020-02-12 03:39:20,70.54,65,47,14.29
61,Marcona,US,35.26,-77.58,2020-02-12 03:39:20,72.0,73,75,8.05
62,Saint-Augustin,US,41.37,-73.41,2020-02-12 03:39:20,44.6,80,90,10.29
63,East London,VU,-19.55,169.27,2020-02-12 03:39:20,86.0,79,90,9.17
64,Nago,MR,18.09,-15.98,2020-02-12 03:39:20,62.6,45,0,9.17
65,Port Elizabeth,PT,38.52,-28.7,2020-02-12 03:39:21,57.88,89,58,11.81
66,Jais,US,57.79,-152.41,2020-02-12 03:34:49,30.2,92,90,18.34
67,Manzil Tamim,GL,77.48,-69.36,2020-02-12 03:39:21,-19.1,62,0,6.82
68,Alice Springs,VU,-16.1,167.42,2020-02-12 03:39:21,87.8,89,75,10.29
69,Vaitupu,US,19.73,-155.09,2020-02-12 03:39:21,69.8,83,90,4.83
70,Sao Filipe,TO,-21.2,-175.2,2020-02-12 03:39:21,82.4,88,75,9.17
71,Kinston,ZA,-34.53,20.04,2020-02-12 03:39:21,68.0,82,1,12.75
72,Bethel,AR,-54.8,-68.3,2020-02-12 03:38:31,53.6,71,75,11.41
73,Attawapiskat,PG,-4.06,144.07,2020-02-12 03:39:21,83.17,72,100,3.83
74,Isangel,TC,21.46,-71.14,2020-02-12 03:39:22,77.94,77,0,21.7
75,Nouakchott,GA,-3.43,10.66,2020-02-12 03:39:22,77.97,86,100,8.77
76,Taolanaro,GF,4.93,-52.33,2020-02-12 03:39:22,78.8,78,75,8.05
77,Ribeira Grande,NG,7.59,6.22,2020-02-12 03:39:22,66.27,24,1,1.07
78,Kodiak,NO,68.12,13.5,2020-02-12 03:39:22,36.81,87,54,15.01
79,Qaanaaq,ES,42.78,-9.06,2020-02-12 03:39:22,55.99,100,75,2.24
80,Lakatoro,BS,24.7,-77.77,2020-02-12 03:39:23,75.2,88,20,8.05
81,Hilo,GA,-2.65,10.0,2020-02-12 03:39:23,76.77,89,100,6.22
82,Vaini,AU,-24.87,113.63,2020-02-12 03:39:07,82.4,65,100,11.41
83,Bredasdorp,BZ,17.25,-88.77,2020-02-12 03:38:05,75.2,83,3,6.93
84,Ushuaia,RU,56.45,138.17,2020-02-12 03:39:23,4.28,80,100,1.7
85,Angoram,US,35.15,-107.85,2020-02-12 03:39:23,24.8,92,90,4.5
86,Cockburn Town,ZA,-33.59,26.89,2020-02-12 03:39:24,64.99,94,14,16.22
87,Mayumba,AR,-38.55,-58.74,2020-02-12 03:39:24,62.01,92,0,7.0
88,Cayenne,NA,-28.45,18.73,2020-02-12 03:39:24,77.83,35,0,4.16
89,Ogaminana,NZ,-46.28,169.85,2020-02-12 03:39:24,69.01,67,100,1.01
90,Nizhneyansk,GH,4.87,-2.24,2020-02-12 03:39:24,77.14,93,100,2.01
91,Gravdal,CD,-4.55,18.6,2020-02-12 03:39:24,70.39,95,100,1.25
92,Muros,RU,64.38,-173.3,2020-02-12 03:39:25,1.4,84,90,17.9
93,Barentsburg,RU,51.02,116.52,2020-02-12 03:39:25,14.81,80,100,6.08
94,Andros Town,US,57.05,-135.33,2020-02-12 03:39:25,37.4,86,90,5.82
95,Gamba,JP,39.27,141.88,2020-02-12 03:39:25,41.0,56,20,3.36
96,Carnarvon,KI,3.07,172.79,2020-02-12 03:39:26,82.08,83,81,16.44
97,Belmopan,CO,-0.19,-74.78,2020-02-12 03:39:26,76.48,73,66,2.84
98,Grand River South East,CA,46.91,-67.39,2020-02-12 03:39:26,28.4,92,90,1.66
99,Ayan,RU,53.75,127.27,2020-02-12 03:39:26,9.7,91,100,3.91
100,Grants,ES,39.89,4.27,2020-02-12 03:39:26,53.6,100,44,5.82
101,Port Alfred,PK,30.59,71.97,2020-02-12 03:39:26,53.6,76,75,6.93
102,Necochea,PG,-2.02,147.27,2020-02-12 03:39:26,82.27,78,99,14.5
103,Warmbad,US,22.08,-159.32,2020-02-12 03:40:28,71.6,78,1,12.75
104,Kaitangata,BR,-17.71,-39.25,2020-02-12 03:40:28,80.64,86,100,14.2
105,Borlange,TM,41.84,59.97,2020-02-12 03:40:28,30.2,58,90,11.41
106,Axim,US,38.89,-76.51,2020-02-12 03:40:28,51.01,93,90,11.88
107,Bulungu,BR,-1.77,-55.87,2020-02-12 03:40:28,77.85,90,79,1.99
108,Provideniya,ID,-3.8,102.27,2020-02-12 03:38:56,82.65,70,99,1.81
109,Kalanguy,BO,-14.83,-64.9,2020-02-12 03:40:28,73.26,97,100,2.1
110,Sitka,US,34.64,-120.46,2020-02-12 03:40:28,55.4,93,1,4.29
111,Kamaishi,AU,-42.78,147.06,2020-02-12 03:40:29,68.0,77,75,16.11
112,Qandahar,FO,62.23,-6.59,2020-02-12 03:40:29,32.0,61,13,10.29
113,Butaritari,MX,19.93,-105.25,2020-02-12 03:40:29,66.42,88,0,1.14
114,Puerto Leguizamo,LY,26.59,12.78,2020-02-12 03:40:29,50.67,29,2,3.47
115,Plaster Rock,CA,50.7,-127.42,2020-02-12 03:40:29,35.6,93,20,4.7
116,Zeya,GL,65.61,-37.64,2020-02-12 03:40:29,23.0,85,100,18.34
117,Mahon,AO,-15.2,12.15,2020-02-12 03:40:29,73.9,82,3,9.22
118,Sarai Sidhu,MX,20.7,-105.2,2020-02-12 03:40:29,73.0,83,40,2.59
119,Lorengau,US,36.62,-121.92,2020-02-12 03:40:14,59.0,50,1,5.82
120,Tarumovka,MG,-14.55,48.73,2020-02-12 03:40:30,65.82,95,96,3.67
121,Kapaa,NZ,-43.75,172.02,2020-02-12 03:40:30,80.01,64,94,20.8
122,Caravelas,LY,29.11,21.29,2020-02-12 03:40:30,54.91,49,0,6.17
123,Dasoguz,CA,43.75,-81.72,2020-02-12 03:40:30,32.0,76,95,1.99
124,Mayo,SJ,78.22,15.64,2020-02-12 03:40:30,8.6,55,20,19.46
125,Oriximina,OM,22.69,58.53,2020-02-12 03:40:30,64.67,80,100,6.02
126,Bengkulu,AR,-38.0,-57.56,2020-02-12 03:36:58,69.01,77,0,9.17
127,Trinidad,IN,16.58,82.02,2020-02-12 03:39:53,77.0,73,63,10.29
128,Lompoc,RU,50.68,156.12,2020-02-12 03:40:30,22.66,87,76,16.4
129,New Norfolk,US,39.18,-84.53,2020-02-12 03:40:31,37.0,74,1,3.24
130,Klaksvik,EG,26.77,31.5,2020-02-12 03:40:31,41.86,74,0,2.71
131,Tomatlan,PF,-16.48,-151.75,2020-02-12 03:40:31,81.55,80,21,14.18
132,Awbari,GL,60.14,-45.24,2020-02-12 03:40:31,16.11,59,95,16.51
133,Port Hardy,HK,22.29,114.16,2020-02-12 03:40:31,79.0,93,40,2.24
134,Tasiilaq,ZA,-28.78,32.04,2020-02-12 03:40:31,75.51,66,95,14.25
135,Namibe,AR,-27.8,-64.26,2020-02-12 03:38:47,66.94,59,2,6.73
136,Ixtapa,US,42.1,-79.24,2020-02-12 03:36:54,34.0,80,90,18.34
137,Pacific Grove,GF,5.38,-52.95,2020-02-12 03:40:32,79.68,76,100,18.99
138,Bealanana,MU,-20.34,57.76,2020-02-12 03:40:32,81.0,88,40,14.99
139,Rakaia,JM,17.89,-77.59,2020-02-12 03:40:32,65.91,89,0,2.75
140,Awjilah,CA,48.65,-53.11,2020-02-12 03:40:32,27.0,89,100,1.99
141,Goderich,CA,47.67,-52.73,2020-02-12 03:40:32,28.99,85,90,3.36
142,Longyearbyen,CL,-29.95,-71.34,2020-02-12 03:40:32,62.6,88,90,6.93
143,Ibra,ID,-0.95,100.35,2020-02-12 03:40:32,80.17,72,100,3.18
144,Mar Del Plata,CA,55.74,-97.86,2020-02-12 03:39:35,-27.4,67,5,9.17
145,Amalapuram,CA,62.46,-114.35,2020-02-12 03:40:33,-32.01,66,5,3.36
146,Severo-Kurilsk,RU,69.38,178.42,2020-02-12 03:40:33,-20.88,93,0,10.78
147,Hamilton,NO,71.04,27.85,2020-02-12 03:40:33,31.82,85,92,27.81
148,Tahta,US,32.44,-111.23,2020-02-12 03:40:33,48.99,76,90,1.72
149,Faanui,PT,32.67,-17.1,2020-02-12 03:40:33,60.8,87,75,2.24
150,Nanortalik,MV,5.67,73.0,2020-02-12 03:40:33,82.96,75,38,24.36
151,Victoria,PG,-6.22,155.63,2020-02-12 03:40:33,84.96,76,4,20.74
152,Richards Bay,CL,-41.87,-73.82,2020-02-12 03:40:33,59.0,93,90,13.87
153,Bad Neustadt,ZA,-34.04,23.05,2020-02-12 03:40:34,64.4,100,90,2.24
154,Santiago Del Estero,GA,-1.57,9.26,2020-02-12 03:40:34,74.89,95,86,1.74
155,Jamestown,AU,-38.27,141.97,2020-02-12 03:40:34,63.36,92,100,22.37
156,Sinnamary,AM,40.94,44.77,2020-02-12 03:40:34,14.76,52,94,11.45
157,Bambous Virieux,BR,-9.6,-35.96,2020-02-12 03:40:34,77.0,83,20,2.24
158,Bull Savanna,FO,62.16,-7.17,2020-02-12 03:40:35,32.0,73,0,10.29
159,Bonavista,PF,-9.8,-139.03,2020-02-12 03:40:35,81.68,78,1,15.79
160,Torbay,AU,-41.07,145.92,2020-02-12 03:41:36,77.0,58,1,10.0
161,Coquimbo,JP,35.73,140.83,2020-02-12 03:41:36,59.0,47,20,13.87
162,Amderma,US,30.15,-85.57,2020-02-12 03:41:36,69.8,100,90,6.93
163,Padang,RU,70.63,147.92,2020-02-12 03:41:36,-26.21,67,29,0.49
164,Thompson,XK,42.88,20.87,2020-02-12 03:41:36,36.0,80,75,13.87
165,Yellowknife,RU,59.7,30.79,2020-02-12 03:41:36,35.01,86,40,6.71
166,Leningradskiy,ID,0.54,123.06,2020-02-12 03:37:25,81.77,84,69,4.47
167,Mehamn,BF,11.5,0.06,2020-02-12 03:41:37,74.64,10,86,15.28
168,Marana,FI,61.05,28.17,2020-02-12 03:41:37,34.0,92,90,6.93
169,Ponta Do Sol,MR,20.52,-13.05,2020-02-12 03:41:37,69.24,12,0,11.77
170,Ugoofaaru,CL,-33.46,-70.65,2020-02-12 03:39:57,70.0,64,11,10.29
171,Kieta,NE,18.74,7.39,2020-02-12 03:41:37,61.74,15,100,4.92
172,Ancud,KY,19.37,-81.42,2020-02-12 03:37:56,80.01,88,20,8.05
173,Knysna,MU,-20.41,57.7,2020-02-12 03:41:37,81.0,88,40,14.99
174,Omboue,VN,13.77,109.23,2020-02-12 03:40:01,74.05,79,100,1.74
175,Tuggurt,IT,46.46,10.35,2020-02-12 03:41:38,26.6,45,40,20.8
176,Codrington,MY,5.41,100.34,2020-02-12 03:41:38,87.8,74,20,4.7
177,Lorut,KZ,45.41,79.92,2020-02-12 03:41:38,17.73,63,25,3.13
178,Pilar,RU,67.57,30.48,2020-02-12 03:41:38,29.53,89,100,12.84
179,Vestmanna,CA,55.1,-105.28,2020-02-12 03:41:38,-16.6,56,5,11.41
180,Atuona,RU,58.18,94.76,2020-02-12 03:41:38,8.31,94,100,6.89
181,Narsaq,US,45.02,-93.22,2020-02-12 03:41:38,24.8,79,1,10.29
182,Burnie,US,55.34,-131.65,2020-02-12 03:41:32,37.4,80,20,8.05
183,Hasaki,ID,5.56,95.32,2020-02-12 03:39:04,85.39,60,20,5.99
184,Callaway,AO,-8.84,13.23,2020-02-12 03:41:33,80.6,83,75,4.7
185,Chokurdakh,PH,6.3,120.58,2020-02-12 03:41:40,79.88,82,0,21.54
186,Kosovska Mitrovica,JP,32.69,128.84,2020-02-12 03:41:40,60.8,93,75,17.22
187,Lolua,ZA,-33.01,17.94,2020-02-12 03:41:40,64.4,72,0,2.24
188,Nikolskoye,GR,35.51,27.21,2020-02-12 03:41:40,53.6,87,1,3.36
189,Gorontalo,ZA,-34.0,24.73,2020-02-12 03:41:40,61.66,92,0,6.35
190,Ouargaye,NA,-17.93,19.77,2020-02-12 03:41:40,69.8,77,90,2.24
191,Lappeenranta,NA,-22.12,14.28,2020-02-12 03:41:40,66.0,84,0,1.01
192,Atar,GL,60.72,-46.03,2020-02-12 03:41:41,3.2,38,38,8.05
193,Santiago,GH,4.88,-1.76,2020-02-12 03:41:41,77.14,93,100,2.01
194,Arlit,NO,62.58,6.13,2020-02-12 03:41:41,37.4,86,100,10.29
195,West Bay,IN,11.67,92.75,2020-02-12 03:41:41,80.65,76,7,16.89
196,Mahebourg,RU,61.95,159.23,2020-02-12 03:41:41,0.21,70,4,5.1
197,Qui Nhon,PT,37.73,-25.67,2020-02-12 03:41:42,59.0,82,40,4.7
198,Oga,CA,49.78,-74.85,2020-02-12 03:41:43,19.4,92,90,4.7
199,Georgetown,RU,54.23,39.02,2020-02-12 03:41:43,28.0,77,100,4.0
200,Sarkand,RU,63.05,179.32,2020-02-12 03:41:43,5.81,94,100,12.88
201,Kovdor,VE,9.66,-68.58,2020-02-12 03:41:43,75.83,57,0,3.13
202,La Ronge,DZ,36.26,2.75,2020-02-12 03:41:43,41.0,86,0,1.12
203,Motygino,AF,34.39,67.02,2020-02-12 03:41:43,18.64,95,100,4.63
204,Saint Anthony,CA,66.15,-65.71,2020-02-12 03:41:43,-23.19,77,100,2.01
205,Ketchikan,BR,-9.67,-35.74,2020-02-12 03:41:43,77.0,83,20,2.24
206,Banda Aceh,KH,13.59,102.97,2020-02-12 03:41:44,90.18,37,0,3.4
207,Luanda,CN,34.43,116.59,2020-02-12 03:41:44,54.0,72,0,5.61
208,Simbahan,RO,46.43,26.4,2020-02-12 03:41:44,35.6,64,0,1.12
209,Fukue,NZ,-35.1,173.78,2020-02-12 03:41:44,80.01,54,0,8.99
210,Saldanha,US,58.3,-134.42,2020-02-12 03:41:44,33.8,86,90,3.4
211,Karpathos,MX,22.89,-109.91,2020-02-12 03:39:44,64.4,67,75,11.41
212,Kruisfontein,IN,8.13,77.3,2020-02-12 03:41:44,84.2,74,20,4.7
213,Rundu,IN,24.4,71.63,2020-02-12 03:41:45,65.91,28,22,5.53
214,Henties Bay,PE,-13.7,-76.22,2020-02-12 03:41:45,71.01,83,100,6.93
215,Saleaula,AU,-28.77,114.6,2020-02-12 03:41:35,87.8,45,0,10.29
216,Qaqortoq,CN,50.24,127.49,2020-02-12 03:42:46,19.4,57,0,4.47
217,Takoradi,MX,15.74,-96.47,2020-02-12 03:42:46,83.34,66,0,6.22
218,Roald,PH,11.0,122.67,2020-02-12 03:42:46,81.27,66,1,14.14
219,Port Blair,CK,-21.21,-159.78,2020-02-12 03:42:46,80.6,83,99,10.29
220,Evensk,US,38.84,-97.61,2020-02-12 03:42:47,36.0,59,1,8.05
221,Sansai,ES,43.67,-7.41,2020-02-12 03:42:47,51.01,1,76,2.17
222,Ponta Delgada,BR,-0.61,-47.36,2020-02-12 03:42:47,81.12,83,100,17.76
223,Chapais,JP,34.67,138.95,2020-02-12 03:42:47,62.01,58,75,13.87
224,Mikhaylov,ID,-8.19,114.97,2020-02-12 03:42:40,87.8,79,20,6.93
225,Beringovskiy,VN,17.48,106.6,2020-02-12 03:42:47,76.21,81,69,6.67
226,San Carlos,IN,27.92,96.17,2020-02-12 03:42:47,66.02,41,99,2.57
227,Medea,BR,-10.13,-36.18,2020-02-12 03:42:48,79.63,77,23,9.66
228,Panjab,AU,-13.85,136.42,2020-02-12 03:42:48,91.4,63,100,9.17
229,Pangnirtung,AU,-34.55,150.38,2020-02-12 03:42:48,73.0,100,75,11.41
230,Maceio,RU,50.12,139.15,2020-02-12 03:42:48,25.11,92,100,3.42
231,Sisophon,IN,19.42,80.07,2020-02-12 03:42:48,72.99,43,0,2.42
232,Tangzhai,ID,4.14,96.13,2020-02-12 03:42:48,81.68,79,14,7.52
233,Kamenskoye,DO,18.21,-71.1,2020-02-12 03:42:48,78.66,73,0,16.15
234,Asau,BR,-9.88,-56.09,2020-02-12 03:41:07,72.43,95,67,1.59
235,Kaeo,KZ,43.0,68.0,2020-02-12 03:42:49,38.95,82,100,0.54
236,Juneau,CL,-38.95,-72.63,2020-02-12 03:42:49,59.0,100,0,4.7
237,Cabo San Lucas,BR,-17.34,-39.22,2020-02-12 03:42:50,80.64,86,100,14.2
238,Manavalakurichi,RU,68.75,161.3,2020-02-12 03:42:50,-1.89,63,0,13.33
239,Tharad,CA,49.5,-115.77,2020-02-12 03:42:51,32.0,90,20,2.24
240,Pisco,RU,71.69,128.87,2020-02-12 03:42:51,-20.97,90,100,2.64
241,Geraldton,CA,50.45,-105.82,2020-02-12 03:42:52,21.0,90,100,13.0
242,Iraga,TR,37.58,44.17,2020-02-12 03:42:52,-5.89,92,37,5.46
243,Heihe,MX,30.48,-115.95,2020-02-12 03:42:52,58.59,56,0,11.45
244,Pochutla,ML,22.68,-3.98,2020-02-12 03:42:52,63.81,66,0,10.83
245,Dingle,CA,70.47,-68.59,2020-02-12 03:42:52,-18.4,82,90,5.82
246,Belushya Guba,KZ,45.32,55.2,2020-02-12 03:42:52,22.64,50,0,8.34
247,Avarua,US,34.42,-119.7,2020-02-12 03:42:38,57.2,62,1,4.7
248,Salina,RU,50.3,87.73,2020-02-12 03:42:53,-8.34,89,0,3.58
249,Cervo,ID,-0.89,119.87,2020-02-12 03:42:53,85.41,46,100,2.77
250,Salinopolis,JP,35.13,140.3,2020-02-12 03:42:53,61.0,49,75,5.82
251,Shimoda,LY,30.33,10.85,2020-02-12 03:42:53,47.77,29,15,2.75
252,Banjar,RU,59.7,150.17,2020-02-12 03:42:53,1.53,58,1,2.51
253,Dong Hoi,MG,-22.4,46.12,2020-02-12 03:42:53,58.64,95,0,9.91
254,Jiddah,NL,51.97,5.67,2020-02-12 03:42:53,43.0,65,75,17.22
255,Tezu,ID,1.3,124.91,2020-02-12 03:42:54,77.0,94,40,3.36
256,Longlac,CV,16.18,-22.92,2020-02-12 03:42:54,68.0,82,40,12.75
257,Coruripe,CN,30.8,106.08,2020-02-12 03:42:54,57.81,56,0,3.85
258,Alyangula,YE,14.2,43.32,2020-02-12 03:42:54,72.1,81,100,6.6
259,Moss Vale,CA,45.46,-74.09,2020-02-12 03:42:54,28.99,85,90,3.36
260,Vysokogornyy,NA,-26.65,15.16,2020-02-12 03:42:54,64.4,93,100,11.41
261,Allapalli,CN,38.5,102.17,2020-02-12 03:42:54,43.59,10,0,3.47
262,Meulaboh,RU,47.25,47.03,2020-02-12 03:42:55,23.56,63,0,12.37
263,Barahona,RU,71.97,102.5,2020-02-12 03:42:55,-22.0,92,0,5.75
264,Alta Floresta,NC,-22.67,167.48,2020-02-12 03:42:55,80.29,84,100,25.46
265,Khonuu,RU,59.45,112.56,2020-02-12 03:42:55,-8.39,93,100,5.7
266,Turkistan,IT,45.17,10.78,2020-02-12 03:42:55,48.0,86,5,2.24
267,Freire,RU,51.68,102.14,2020-02-12 03:42:55,-1.71,95,97,3.56
268,Louisbourg,UA,47.6,37.5,2020-02-12 03:42:55,34.56,99,100,10.02
269,Prado,US,41.28,-70.1,2020-02-12 03:43:56,43.0,93,90,9.17
270,Cherskiy,KZ,44.17,52.12,2020-02-12 03:43:56,22.82,78,0,11.9
271,Cranbrook,MN,45.76,106.27,2020-02-12 03:43:56,26.76,58,100,8.9
272,Tiksi,US,42.61,-83.93,2020-02-12 03:41:20,28.99,68,90,10.29
273,Tawzar,BR,-6.66,-69.87,2020-02-12 03:43:56,73.94,96,100,1.07
274,Caronport,MZ,-23.86,35.38,2020-02-12 03:43:52,77.95,85,27,17.07
275,Azrow,PH,12.18,125.51,2020-02-12 03:43:56,78.71,83,20,15.05
276,Hakkari,RU,65.2,31.17,2020-02-12 03:43:57,31.5,86,100,11.83
277,San Quintin,IS,63.44,-20.27,2020-02-12 03:43:57,26.98,65,0,18.95
278,Taoudenni,RU,52.23,141.51,2020-02-12 03:43:57,16.29,89,100,10.09
279,Clyde River,BO,-17.8,-63.17,2020-02-12 03:42:00,73.4,94,40,5.82
280,Beyneu,AU,-20.02,148.23,2020-02-12 03:43:57,93.2,67,0,11.41
281,Santa Barbara,CA,50.1,-91.92,2020-02-12 03:43:57,24.8,68,90,12.75
282,Aktash,FR,46.56,3.35,2020-02-12 03:43:58,39.2,80,90,4.7
283,Palu,VN,9.93,106.35,2020-02-12 03:43:58,86.81,56,0,13.18
284,Katsuura,JP,28.37,129.48,2020-02-12 03:43:58,73.4,64,75,19.46
285,Nalut,RU,55.65,109.32,2020-02-12 03:43:58,6.84,78,6,6.89
286,Arman,AU,-33.87,121.9,2020-02-12 03:43:58,68.0,72,90,10.29
287,Ihosy,ID,-3.75,103.64,2020-02-12 03:43:58,78.15,75,100,2.89
288,Wageningen,GA,-1.62,11.61,2020-02-12 03:43:58,67.59,99,100,3.47
289,Tondano,US,42.16,-72.33,2020-02-12 03:43:59,39.2,85,90,12.75
290,Sal Rei,US,21.32,-158.01,2020-02-12 03:41:38,77.0,57,40,11.41
291,Nanchong,PY,-25.75,-56.43,2020-02-12 03:44:00,72.21,54,2,1.1
292,Zabid,CL,-37.62,-73.65,2020-02-12 03:44:00,57.16,92,0,3.89
293,Oka,NZ,-45.42,167.72,2020-02-12 03:44:00,66.18,48,100,7.36
294,Luderitz,BR,-30.08,-51.02,2020-02-12 03:44:00,70.0,77,31,13.87
295,Jinchang,CN,22.63,110.15,2020-02-12 03:41:08,69.93,81,100,6.76
296,Yenotayevka,US,46.19,-123.83,2020-02-12 03:44:00,46.99,93,90,6.93
297,Khatanga,LR,4.38,-7.72,2020-02-12 03:44:01,75.96,90,93,2.48
298,Vao,CA,48.93,-125.55,2020-02-12 03:40:29,45.0,87,76,3.47
299,Vitim,RU,69.7,170.31,2020-02-12 03:44:01,-8.68,67,0,5.06
300,Mantua,US,37.1,-113.58,2020-02-12 03:39:35,45.0,26,1,9.17
301,Kyren,BS,24.9,-76.2,2020-02-12 03:44:01,76.23,85,3,15.61
302,Volnovakha,PG,-10.62,150.67,2020-02-12 03:44:01,84.67,78,48,5.61
303,San Vicente,UZ,40.43,71.72,2020-02-12 03:44:01,41.0,93,90,4.7
304,Nantucket,BR,-3.68,-42.75,2020-02-12 03:44:01,73.87,98,70,2.75
305,Shetpe,TZ,-4.97,39.83,2020-02-12 03:44:02,82.45,81,16,8.59
306,Mandalgovi,CA,50.23,-63.6,2020-02-12 03:44:02,19.4,92,90,5.82
307,Howell,RE,-21.36,55.77,2020-02-12 03:44:02,78.8,94,58,8.05
308,Eirunepe,MV,0.53,72.93,2020-02-12 03:44:02,82.98,74,40,17.65
309,Inhambane,ID,-5.11,105.31,2020-02-12 03:44:02,86.13,66,5,4.79
310,Ngukurr,PG,-2.57,150.8,2020-02-12 03:44:02,84.04,73,100,15.61
311,San Policarpo,IN,26.27,86.28,2020-02-12 03:44:02,59.54,54,0,8.46
312,Kalevala,CN,42.8,93.45,2020-02-12 03:44:02,16.86,75,0,3.96
313,Vestmannaeyjar,BR,-1.2,-46.02,2020-02-12 03:44:03,80.83,83,100,15.82
314,Lazarev,NG,10.4,5.47,2020-02-12 03:44:03,66.31,19,26,6.35
315,Santa Cruz,SS,4.77,33.59,2020-02-12 03:44:03,75.65,19,90,5.86
316,Bowen,CN,25.28,110.29,2020-02-12 03:44:03,57.2,100,90,2.24
317,Sioux Lookout,PH,12.48,123.38,2020-02-12 03:44:03,81.28,66,5,9.24
318,Yzeure,JO,31.85,35.94,2020-02-12 03:44:03,44.6,93,75,11.41
319,Tra Vinh,RU,57.3,47.2,2020-02-12 03:44:03,24.3,91,100,12.35
320,Naze,RU,66.77,123.37,2020-02-12 03:42:44,-14.42,94,100,11.54
321,Severobaykalsk,ZA,-27.98,30.72,2020-02-12 03:44:04,56.41,86,90,2.8
322,Esperance,RU,73.51,80.55,2020-02-12 03:44:04,4.03,89,100,33.17
323,Payo,UA,47.54,30.76,2020-02-12 03:44:04,36.16,75,100,19.73
324,Mimongo,AU,-30.32,149.78,2020-02-12 03:44:04,82.99,58,40,9.17
325,Palmer,SO,9.49,50.81,2020-02-12 03:44:04,76.41,79,71,17.6
326,Ewa Beach,SL,7.53,-12.51,2020-02-12 03:44:04,78.66,83,63,5.01
327,Villarrica,PE,-5.56,-80.82,2020-02-12 03:45:05,73.98,86,0,11.07
328,Lebu,RU,69.3,139.9,2020-02-12 03:45:06,-10.41,81,100,1.25
329,Te Anau,BR,-30.18,-50.21,2020-02-12 03:40:22,73.17,75,15,20.62
330,Viamao,TH,17.25,99.67,2020-02-12 03:45:06,90.0,61,69,2.24
331,Yulin,RU,58.96,126.29,2020-02-12 03:45:06,0.73,92,100,8.93
332,Utiroa,TH,9.54,99.94,2020-02-12 03:45:06,86.0,66,20,13.87
333,Astoria,US,71.29,-156.79,2020-02-12 03:45:07,-25.6,74,1,9.17
334,Harper,BR,-4.59,-42.86,2020-02-12 03:45:07,77.0,88,75,2.53
335,Ucluelet,FI,61.48,21.78,2020-02-12 03:45:07,33.8,94,90,5.82
336,Pevek,MG,-19.52,45.47,2020-02-12 03:45:08,75.78,85,33,2.35
337,Saint George,GB,51.38,1.39,2020-02-12 03:45:08,39.99,80,67,19.46
338,Rock Sound,US,41.18,-74.67,2020-02-12 03:45:08,46.4,86,75,11.41
339,Samarai,MX,29.57,-104.42,2020-02-12 03:45:08,50.0,66,1,9.17
340,Komsomolskiy,GW,11.28,-15.83,2020-02-12 03:45:08,79.38,64,0,13.18
341,Brejo,RU,61.92,63.02,2020-02-12 03:45:08,16.97,90,64,6.62
342,Micheweni,CA,65.28,-126.83,2020-02-12 03:45:09,-9.4,83,75,2.24
343,Havre-Saint-Pierre,RU,54.43,113.6,2020-02-12 03:45:09,1.53,60,0,5.44
344,Saint-Philippe,MX,15.85,-97.07,2020-02-12 03:45:09,70.88,62,0,3.62
345,Thinadhoo,CN,36.62,101.77,2020-02-12 03:45:09,31.82,16,0,6.67
346,Metro,ES,42.42,-4.5,2020-02-12 03:45:09,48.99,95,100,1.01
347,Kavieng,TR,36.92,31.1,2020-02-12 03:45:09,46.4,93,75,4.7
348,Jhanjharpur,SO,5.35,48.53,2020-02-12 03:45:09,75.2,77,30,12.33
349,Hami,PT,40.16,-8.33,2020-02-12 03:45:09,55.0,93,75,3.36
350,Carutapera,RU,60.73,114.93,2020-02-12 03:45:11,-13.68,93,100,9.19
351,Kontagora,PF,-17.53,-149.33,2020-02-12 03:45:11,87.8,62,40,2.24
352,Kapoeta,NU,-19.06,-169.92,2020-02-12 03:45:11,84.2,74,75,8.05
353,Guilin,US,39.1,-76.85,2020-02-12 03:45:11,51.01,70,90,8.05
354,Puro,SB,-9.43,159.95,2020-02-12 03:41:51,82.4,88,75,6.93
355,Jawa,QA,25.29,51.53,2020-02-12 03:43:20,53.01,50,0,14.99
356,Kiknur,AR,-36.78,-59.86,2020-02-12 03:45:11,64.99,77,0,4.0
357,Zhigansk,SY,33.97,36.66,2020-02-12 03:45:12,37.4,93,75,4.7
358,Mondlo,AU,-20.1,146.27,2020-02-12 03:45:12,96.01,26,0,11.05
359,Dikson,US,33.02,-80.18,2020-02-12 03:45:12,69.01,93,36,11.41
360,Mykolayivka,ID,-0.69,100.95,2020-02-12 03:45:12,82.36,74,100,1.32
361,Narrabri,RU,61.28,108.01,2020-02-12 03:45:12,-15.9,90,0,3.18
362,Bandarbeyla,CN,48.0,122.72,2020-02-12 03:45:12,37.0,78,23,15.01
363,Bonthe,RU,68.53,146.42,2020-02-12 03:45:12,-22.41,77,100,1.25
364,Badiraguato,ID,-9.86,124.28,2020-02-12 03:45:12,84.78,63,100,4.7
365,Sechura,UY,-34.48,-54.33,2020-02-12 03:42:08,58.5,95,0,3.04
366,Deputatskiy,ID,-2.88,108.27,2020-02-12 03:45:13,82.63,73,100,5.19
367,Cidreira,BR,-8.01,-34.86,2020-02-12 03:45:13,82.4,74,75,6.93
368,Sukhothai,RU,60.37,93.04,2020-02-12 03:45:13,-0.71,96,94,3.83
369,Tommot,US,28.41,-80.6,2020-02-12 03:40:40,75.0,94,20,8.05
370,Ko Samui,CN,38.47,106.27,2020-02-12 03:45:14,43.84,22,0,5.03
371,Barrow,IN,22.04,88.32,2020-02-12 03:45:14,60.8,72,0,6.93
372,Uniao,JP,36.3,139.8,2020-02-12 03:45:14,59.0,37,40,10.29
373,Pori,IR,25.29,60.64,2020-02-12 03:45:14,67.28,76,19,3.27
374,Miandrivazo,NG,7.11,6.73,2020-02-12 03:45:14,68.16,25,9,2.33
375,Margate,RU,48.04,40.05,2020-02-12 03:45:14,24.8,92,75,22.37
376,Sussex,FI,62.6,25.73,2020-02-12 03:45:15,34.0,86,90,10.29
377,Ojinaga,RU,67.16,32.41,2020-02-12 03:45:15,32.16,87,100,10.47
378,Bubaque,NO,70.37,31.11,2020-02-12 03:43:36,31.53,79,22,19.62
379,Agirish,RU,61.13,74.82,2020-02-12 03:45:15,8.37,93,100,8.66
380,Toliary,MG,-14.27,50.17,2020-02-12 03:45:15,68.0,97,0,2.28
381,Norman Wells,RU,65.58,-171.0,2020-02-12 03:43:33,-5.13,94,100,9.66
382,Bagdarin,US,64.84,-147.72,2020-02-12 03:46:15,-9.0,83,1,4.7
383,Puerto Escondido,RU,59.37,41.03,2020-02-12 03:46:16,33.01,97,100,9.71
384,Xining,CA,49.42,-82.43,2020-02-12 03:42:45,21.2,73,20,16.11
385,Palencia,AU,-23.53,148.17,2020-02-12 03:46:16,93.2,46,3,8.05
386,Serik,ES,42.31,-1.97,2020-02-12 03:46:16,50.0,100,90,1.12
387,Hobyo,RU,53.57,142.95,2020-02-12 03:46:16,12.38,93,100,12.28
388,Lata,US,45.52,-122.68,2020-02-12 03:42:36,44.01,86,75,3.83
389,Lensk,SE,63.83,20.26,2020-02-12 03:46:16,25.0,100,90,2.24
390,Tiarei,BR,-7.71,-66.98,2020-02-12 03:46:18,73.81,94,100,1.43
391,Alofi,BS,26.62,-78.28,2020-02-12 03:46:19,76.73,83,33,13.42
392,Samusu,PT,39.05,-27.98,2020-02-12 03:46:19,62.15,79,33,17.45
393,Laurel,ID,-2.58,115.38,2020-02-12 03:46:19,88.18,55,100,3.83
394,Honiara,US,34.32,-83.78,2020-02-12 03:46:19,61.0,93,90,8.05
395,Doha,CN,28.46,119.91,2020-02-12 03:46:19,56.59,95,100,0.85
396,Azul,KZ,51.96,66.4,2020-02-12 03:46:19,-0.15,81,12,9.89
397,Yabrud,BR,-30.85,-51.81,2020-02-12 03:46:20,62.62,94,4,5.55
398,Charters Towers,NP,27.72,85.32,2020-02-12 03:43:31,50.0,76,20,1.3
399,Daxian,GA,-0.72,8.78,2020-02-12 03:46:20,82.83,75,100,8.75
400,Summerville,MR,20.5,-10.07,2020-02-12 03:46:20,70.29,42,47,14.74
401,Sijunjung,CL,-26.37,-70.05,2020-02-12 03:46:20,59.41,51,0,1.14
402,Yerbogachen,PT,37.72,-25.43,2020-02-12 03:46:20,59.0,82,40,4.7
403,Zalantun,US,21.35,-158.09,2020-02-12 03:46:20,77.0,77,75,12.75
404,Belaya Gora,AR,-35.43,-60.17,2020-02-12 03:46:21,66.99,74,0,12.84
405,Soe,MM,20.15,92.9,2020-02-12 03:46:21,66.36,52,0,6.24
406,Rocha,EG,31.4,30.42,2020-02-12 03:46:21,53.6,81,40,5.82
407,Manggar,IR,38.55,44.95,2020-02-12 03:46:22,9.95,57,65,4.12
408,Olinda,IR,33.6,56.92,2020-02-12 03:46:22,33.8,22,29,2.24
409,Severo-Yeniseyskiy,PF,-17.73,-149.15,2020-02-12 03:46:22,87.8,62,40,2.24
410,Balimo,AR,-34.65,-59.43,2020-02-12 03:46:22,73.0,84,0,1.01
411,Cape Canaveral,MN,48.01,91.64,2020-02-12 03:46:22,12.25,69,100,3.71
412,Yinchuan,PG,-3.67,152.43,2020-02-12 03:46:23,83.59,77,100,13.65
413,Harindanga,CG,-2.95,12.73,2020-02-12 03:46:23,70.79,98,100,1.45
414,Oyama,MZ,-14.54,40.67,2020-02-12 03:46:23,73.42,96,100,1.95
415,Chabahar,SB,-8.77,160.7,2020-02-12 03:46:23,84.25,77,53,21.18
416,Idah,AU,-20.32,118.57,2020-02-12 03:46:23,90.18,46,0,7.05
417,Almaznyy,RU,52.25,117.71,2020-02-12 03:46:23,15.15,62,0,5.77
418,Meyungs,DE,50.93,8.4,2020-02-12 03:46:23,39.99,69,75,17.22
419,Aanekoski,CN,46.68,126.08,2020-02-12 03:46:24,24.78,81,0,4.47
420,Kandalaksha,RU,52.12,83.31,2020-02-12 03:46:24,-3.44,78,0,2.64
421,Vardo,IL,32.76,34.97,2020-02-12 03:46:24,46.99,99,92,1.99
422,Lokosovo,BR,-21.64,-41.05,2020-02-12 03:46:24,72.34,95,100,9.69
423,Sambava,RU,68.05,39.51,2020-02-12 03:46:24,30.99,86,100,28.72
424,Lavrentiya,NZ,-39.0,175.93,2020-02-12 03:46:24,78.21,28,15,6.04
425,Ferme-Neuve,RU,60.34,102.28,2020-02-12 03:46:25,-12.66,91,0,2.15
426,Fairbanks,BR,-2.92,-39.92,2020-02-12 03:46:25,75.04,94,100,2.24
427,Shuyskoye,ID,-7.75,112.01,2020-02-12 03:46:25,83.26,75,82,5.77
428,Kapuskasing,NO,63.73,8.83,2020-02-12 03:46:25,37.4,93,40,17.22
429,Emerald,RU,62.55,155.55,2020-02-12 03:46:25,-6.32,38,0,2.75
430,Calahorra,IR,37.26,49.94,2020-02-12 03:46:25,35.6,31,0,11.41
431,Okha,RU,56.86,68.64,2020-02-12 03:46:25,6.64,93,100,9.44
432,Portland,US,46.98,-123.89,2020-02-12 03:46:25,46.99,100,90,9.17
433,Umea,UA,45.27,36.33,2020-02-12 03:46:26,40.91,81,100,27.65
434,Pauini,GL,66.94,-53.67,2020-02-12 03:46:26,-5.31,67,58,5.32
435,High Rock,MA,29.58,-9.5,2020-02-12 03:41:54,59.34,18,0,8.16
436,Lagoa,PE,-11.1,-77.61,2020-02-12 03:46:26,69.55,84,100,4.88
437,Barabai,RU,61.69,53.69,2020-02-12 03:47:26,20.37,91,100,11.01
438,Hall,US,33.43,-117.61,2020-02-12 03:47:26,60.8,71,1,3.36
439,Lishui,IT,46.62,10.7,2020-02-12 03:47:26,34.0,53,40,17.22
440,Esil,ID,-9.11,124.89,2020-02-12 03:47:27,80.92,77,100,5.75
441,Sataua,RU,65.7,82.47,2020-02-12 03:47:27,3.65,93,100,19.08
442,Camaqua,RU,67.8,130.41,2020-02-12 03:47:27,-14.64,97,100,0.22
443,Kathmandu,IT,36.72,15.09,2020-02-12 03:47:27,60.01,93,35,1.12
444,Port-Gentil,NP,29.27,82.18,2020-02-12 03:46:40,41.58,22,0,3.29
445,Adrar,SE,56.66,16.36,2020-02-12 03:47:27,39.2,80,76,13.87
446,Diego De Almagro,PH,18.47,120.58,2020-02-12 03:47:27,80.6,57,20,8.05
447,Vila Franca Do Campo,LY,31.95,12.03,2020-02-12 03:47:28,52.57,25,1,4.14
448,Makakilo City,MV,2.92,73.57,2020-02-12 03:47:28,83.21,74,100,21.54
449,Veinticinco De Mayo,UG,-0.78,29.75,2020-02-12 03:47:28,59.4,77,10,3.09
450,Akyab,BR,2.82,-60.67,2020-02-12 03:43:49,86.0,51,86,13.87
451,Rosetta,MX,16.86,-99.89,2020-02-12 03:43:03,80.6,69,5,5.82
452,Khoy,MX,23.45,-110.22,2020-02-12 03:47:28,64.4,63,75,4.7
453,Tabas,TR,38.5,38.0,2020-02-12 03:47:28,24.8,73,90,1.12
454,Tautira,NZ,-35.62,174.5,2020-02-12 03:47:21,80.01,72,0,7.0
455,Mercedes,TR,36.96,36.2,2020-02-12 03:47:28,41.0,44,75,4.7
456,Hovd,IS,63.84,-22.43,2020-02-12 03:47:29,24.8,73,75,6.93
457,Kuche,RU,65.98,60.31,2020-02-12 03:47:29,19.99,83,100,11.25
458,Namatanai,IT,45.46,8.01,2020-02-12 03:47:29,48.2,19,0,3.36
459,Mossendjo,RU,58.7,81.48,2020-02-12 03:47:29,1.72,93,100,10.07
460,Burica,HT,18.2,-73.75,2020-02-12 03:47:29,80.65,70,0,20.71
461,Nacala,NZ,-46.13,167.68,2020-02-12 03:47:29,64.0,76,100,5.99
462,Auki,PH,11.05,124.01,2020-02-12 03:47:29,86.0,67,74,1.99
463,Port Hedland,CO,5.87,-74.64,2020-02-12 03:47:30,74.88,85,7,1.3
464,Sretensk,BR,-2.89,-40.12,2020-02-12 03:47:30,75.04,94,100,2.24
465,Bad Laasphe,OM,17.02,54.09,2020-02-12 03:47:30,75.2,69,40,4.7
466,Qinggang,IN,25.52,90.22,2020-02-12 03:47:31,67.89,43,0,3.65
467,Paradwip,AU,-17.0,145.43,2020-02-12 03:47:31,98.6,39,0,6.93
468,Ust-Kalmanka,EG,27.18,31.18,2020-02-12 03:47:31,44.6,70,0,5.48
469,Tirat Karmel,CN,22.79,100.97,2020-02-12 03:47:32,64.17,41,0,5.06
470,Sao Joao Da Barra,CN,41.76,86.15,2020-02-12 03:47:19,26.01,81,69,1.01
471,Ostrovnoy,FR,46.42,3.91,2020-02-12 03:47:33,41.0,93,90,5.82
472,Turangi,JP,43.32,145.57,2020-02-12 03:47:33,33.8,47,20,12.75
473,Mentok,IN,26.32,91.0,2020-02-12 03:47:33,66.2,77,20,1.28
474,Vanavara,KZ,48.83,58.14,2020-02-12 03:47:33,7.11,99,100,2.15
475,Itarema,SY,35.3,37.18,2020-02-12 03:47:33,35.53,70,98,6.91
476,Gondanglegi,NO,70.98,25.97,2020-02-12 03:47:33,35.91,77,99,32.3
477,Sistranda,AR,-43.3,-65.1,2020-02-12 03:42:58,73.42,50,0,31.05
478,Dukat,RU,61.15,149.63,2020-02-12 03:47:35,-1.37,52,67,0.54
479,Astaneh-Ye Ashrafiyeh,TW,25.13,121.74,2020-02-12 03:47:35,82.4,45,20,2.24
480,Aromashevo,AR,-45.87,-67.5,2020-02-12 03:47:17,71.6,68,0,8.05
481,Hoquiam,TZ,-6.37,37.37,2020-02-12 03:47:35,71.44,94,68,0.98
482,Pryozerne,CN,33.07,107.03,2020-02-12 03:47:35,53.42,56,0,3.44
483,Sisimiut,US,47.04,-122.9,2020-02-12 03:42:45,46.99,100,90,6.93
484,Tiznit,US,36.2,-119.09,2020-02-12 03:47:35,55.4,53,0,3.06
485,Hualmay,RU,63.45,120.32,2020-02-12 03:47:35,-12.19,96,100,6.22
486,Strezhevoy,FI,65.85,24.13,2020-02-12 03:47:36,28.4,92,100,9.17
487,Ust-Kulom,EC,-0.95,-80.73,2020-02-12 03:45:51,80.6,83,75,4.7
488,San Clemente,MG,-23.35,47.6,2020-02-12 03:47:36,69.53,92,47,3.15
489,Lasa,ID,-0.5,117.15,2020-02-12 03:45:01,87.76,58,100,6.17
490,Atambua,NG,4.92,6.26,2020-02-12 03:47:36,74.28,96,8,2.71
491,Krasnoselkup,RU,61.67,96.37,2020-02-12 03:48:37,-17.18,95,27,0.65
492,Batagay-Alyta,AU,-27.18,151.27,2020-02-12 03:48:37,89.01,65,40,12.75
493,Labutta,CA,44.65,-63.57,2020-02-12 03:45:03,33.01,100,90,6.93
494,Pachino,GB,60.4,-1.35,2020-02-12 03:48:05,41.0,69,97,13.87
495,Jumla,RU,45.46,41.97,2020-02-12 03:48:38,19.4,85,96,8.95
496,Kalmar,BR,-13.44,-49.15,2020-02-12 03:48:38,72.3,93,47,2.17
497,Davila,BR,-5.81,-61.3,2020-02-12 03:48:38,74.07,96,0,2.51
498,Jadu,ID,-0.88,131.25,2020-02-12 03:48:38,91.49,50,23,4.54
499,Muli,RU,67.47,86.58,2020-02-12 03:48:39,1.92,93,100,24.47
500,Katete,IN,25.6,85.12,2020-02-12 03:47:23,57.2,100,0,5.82
501,Boa Vista,JP,26.12,127.67,2020-02-12 03:47:15,75.2,60,20,20.8
502,Acapulco,US,59.64,-151.55,2020-02-12 03:48:39,24.8,67,90,5.82
503,Todos Santos,AR,-51.62,-69.22,2020-02-12 03:48:39,59.0,67,90,19.46
504,Malatya,PE,-10.75,-77.77,2020-02-12 03:48:40,70.81,93,100,10.38
505,Ngunguru,CN,27.9,102.26,2020-02-12 03:48:40,42.96,53,0,6.26
506,Erzin,CN,35.88,119.98,2020-02-12 03:48:40,53.01,76,75,6.71
507,Grindavik,ZA,-34.05,23.37,2020-02-12 03:48:40,68.56,78,0,1.97
508,Verkhnyaya Inta,RU,66.32,-179.17,2020-02-12 03:48:40,-6.54,87,96,3.09
509,Bose,CA,48.38,-77.23,2020-02-12 03:48:40,23.0,100,75,5.82
510,Parabel,IN,23.85,77.93,2020-02-12 03:48:40,60.6,35,0,3.49
511,Les Cayes,MG,-13.2,49.05,2020-02-12 03:48:40,74.8,92,95,3.24
512,Tuatapere,YE,14.4,46.47,2020-02-12 03:48:41,61.0,55,91,11.72
513,Bogo,GA,-2.79,10.1,2020-02-12 03:48:41,79.75,85,100,15.35
514,Teneguiban,AU,-14.47,132.27,2020-02-12 03:47:57,89.6,59,75,14.99
515,Tasbuget,SO,8.41,48.48,2020-02-12 03:48:41,67.06,75,17,7.34
516,Ust-Kamchatsk,IN,27.72,81.93,2020-02-12 03:48:41,55.15,61,0,5.59
517,Puerto Triunfo,SO,9.56,44.06,2020-02-12 03:48:41,62.06,93,93,18.9
518,Acarau,IN,8.08,77.57,2020-02-12 03:48:42,80.28,74,56,28.45
519,Salalah,CN,40.28,97.2,2020-02-12 03:48:42,34.56,26,20,21.43
520,Sentyabrskiy,ID,5.18,97.15,2020-02-12 03:48:42,81.57,68,10,3.47
521,Tura,IL,31.61,34.76,2020-02-12 03:47:59,53.6,87,75,11.41
522,Chikoy,CD,0.15,29.28,2020-02-12 03:48:42,64.83,73,44,4.12
523,Mareeba,GL,68.82,-51.19,2020-02-12 03:44:05,-0.4,59,63,1.72
524,Asyut,MG,-17.35,49.03,2020-02-12 03:48:43,63.23,81,0,3.42
525,Simao,RU,59.38,143.3,2020-02-12 03:48:07,0.82,92,100,0.63
526,Korla,RU,51.5,156.52,2020-02-12 03:48:43,16.52,80,99,11.32
527,Saint-Francois,US,31.42,-103.49,2020-02-12 03:48:43,35.6,93,90,6.93
528,Nemuro,MY,5.28,115.24,2020-02-12 03:45:25,87.8,66,75,9.17
529,Barpeta,GM,13.35,-15.75,2020-02-12 03:48:43,73.08,12,0,5.86
530,Emba,PG,-9.44,147.18,2020-02-12 03:48:43,91.4,63,90,17.22
531,Abu Samrah,ZM,-16.12,23.27,2020-02-12 03:48:43,66.43,96,55,1.99
532,Honningsvag,LY,29.16,16.14,2020-02-12 03:48:44,56.03,23,0,4.34
533,Rawson,PT,39.36,-9.38,2020-02-12 03:48:44,55.99,93,75,4.7
534,Ust-Omchug,RU,65.53,72.52,2020-02-12 03:48:44,13.32,93,55,12.73
535,Keelung,IN,19.27,84.92,2020-02-12 03:48:44,71.37,59,0,3.24
536,Comodoro Rivadavia,AU,-23.85,151.25,2020-02-12 03:48:44,87.8,55,0,8.05
537,Magole,US,33.58,-81.6,2020-02-12 03:46:56,70.0,93,90,6.93
538,Hanzhong,AR,-26.82,-65.22,2020-02-12 03:48:16,68.0,88,90,4.74
539,Olympia,RU,63.76,121.62,2020-02-12 03:48:44,-9.74,95,99,7.54
540,Lindsay,RU,58.69,99.18,2020-02-12 03:48:45,0.12,95,65,1.07
541,Verkhnevilyuysk,US,32.78,-79.93,2020-02-12 03:47:40,69.01,93,36,11.41
